name.firstName,name.lastName,age,address.line1,address.city,address.state,gender,occupation,education,experience
"Rohit","Prasad",35,"A-563 Rakshak Society","Pune","Maharashtra","male","Software Engineer","B.Tech",8
"Jane","Doe",28,"123 Main St","New Delhi","Delhi","female","Designer","BFA",5
"Old","Person",75,"12 Elder Rd","Mumbai","Maharashtra","male","Retired","MBA",40
"Teen","User",17,"Somewhere 5","Bengaluru","Karnataka","female","Student","High School",0
"Quote","User, Jr.",40,"Quoted ""Street"", 7","Chennai","Tamil Nadu","male","Manager","MBA",12
"Alice","Johnson",22,"456 Oak Avenue","Hyderabad","Telangana","female","Developer","B.Tech",2
"Bob","Smith",45,"789 Pine Street","Kolkata","West Bengal","male","Analyst","M.Sc",15
"Carol","Williams",33,"321 Elm Drive","Ahmedabad","Gujarat","female","Consultant","MBA",8
"David","Brown",58,"654 Maple Lane","Jaipur","Rajasthan","male","Director","PhD",25
"Eva","Davis",19,"987 Cedar Court","Lucknow","Uttar Pradesh","female","Intern","B.Tech",1
"Frank","Miller",67,"147 Birch Road","Chandigarh","Punjab","male","CEO","MBA",35
"Grace","Wilson",31,"258 Spruce Street","Bhopal","Madhya Pradesh","female","Manager","MBA",6
"Henry","Moore",52,"369 Willow Way","Indore","Madhya Pradesh","male","Senior Manager","MBA",20
"Iris","Taylor",26,"741 Poplar Place","Vadodara","Gujarat","female","Coordinator","B.Com",3
"Jack","Anderson",41,"852 Ash Avenue","Nashik","Maharashtra","male","Lead Developer","B.Tech",12
"Kate","Thomas",29,"963 Pine Street","Surat","Gujarat","female","UX Designer","BFA",4
"Leo","Jackson",38,"147 Oak Lane","Vishakhapatnam","Andhra Pradesh","male","Product Manager","MBA",10
"Maya","White",24,"258 Elm Drive","Coimbatore","Tamil Nadu","female","Data Analyst","M.Sc",2
"Noah","Harris",49,"369 Maple Road","Kochi","Kerala","male","CTO","PhD",20
"Olivia","Martin",27,"741 Cedar Avenue","Mysore","Karnataka","female","Marketing Manager","MBA",4
"Paul","Garcia",36,"852 Birch Street","Trivandrum","Kerala","male","DevOps Engineer","B.Tech",8
"Quinn","Lee",23,"963 Willow Lane","Madurai","Tamil Nadu","female","Content Writer","BA",1
"Ryan","Clark",44,"147 Poplar Drive","Tirupur","Tamil Nadu","male","Sales Director","MBA",15
"Sara","Rodriguez",30,"258 Ash Road","Salem","Tamil Nadu","female","HR Manager","MBA",6
"Tom","Lewis",55,"369 Pine Avenue","Erode","Tamil Nadu","male","Operations Manager","MBA",25
"Uma","Walker",32,"741 Elm Lane","Tirunelveli","Tamil Nadu","female","Finance Manager","CA",8
"Victor","Hall",26,"852 Cedar Street","Thanjavur","Tamil Nadu","male","Business Analyst","MBA",3
"Wendy","Allen",39,"963 Maple Drive","Tiruchirapalli","Tamil Nadu","female","Project Manager","MBA",12
"Xavier","Young",48,"147 Birch Avenue","Kumbakonam","Tamil Nadu","male","Senior Developer","B.Tech",18
"Yara","King",25,"258 Willow Road","Kanchipuram","Tamil Nadu","female","UI Designer","BFA",2
"Zoe","Wright",34,"369 Poplar Lane","Vellore","Tamil Nadu","female","Quality Manager","MBA",8
"Adam","Lopez",29,"741 Ash Drive","Dindigul","Tamil Nadu","male","System Admin","B.Tech",5
"Bella","Hill",42,"852 Pine Lane","Karur","Tamil Nadu","female","Training Manager","MBA",12
"Chris","Scott",37,"963 Elm Avenue","Namakkal","Tamil Nadu","male","Network Engineer","B.Tech",10
"Diana","Green",31,"147 Cedar Road","Dharmapuri","Tamil Nadu","female","Recruitment Manager","MBA",6
"Ethan","Adams",46,"258 Birch Street","Krishnagiri","Tamil Nadu","male","Database Admin","B.Tech",15
"Fiona","Baker",28,"369 Willow Drive","Hosur","Tamil Nadu","female","Event Manager","BA",4
"George","Gonzalez",51,"741 Poplar Avenue","Sivaganga","Tamil Nadu","male","Security Manager","MBA",20
"Helen","Nelson",33,"852 Ash Lane","Ramanathapuram","Tamil Nadu","female","Compliance Officer","LLB",8
"Ivan","Carter",40,"963 Pine Drive","Theni","Tamil Nadu","male","Infrastructure Manager","B.Tech",12
"Julia","Mitchell",27,"147 Elm Road","Virudhunagar","Tamil Nadu","female","Research Analyst","M.Sc",3
"Kevin","Perez",45,"258 Cedar Street","Tuticorin","Tamil Nadu","male","Technical Lead","B.Tech",18
"Luna","Roberts",35,"369 Birch Avenue","Tiruppur","Tamil Nadu","female","Process Manager","MBA",10
"Mike","Turner",43,"741 Willow Lane","Pollachi","Tamil Nadu","male","Solution Architect","B.Tech",15
"Nina","Phillips",30,"852 Poplar Drive","Udumalpet","Tamil Nadu","female","Change Manager","MBA",6
"Oscar","Campbell",38,"963 Ash Road","Palani","Tamil Nadu","male","Integration Specialist","B.Tech",12
"Penny","Parker",32,"147 Pine Avenue","Dharapuram","Tamil Nadu","female","Communication Manager","MBA",7
"Quincy","Evans",41,"258 Elm Lane","Bhavani","Tamil Nadu","male","Platform Manager","B.Tech",14
"Rita","Edwards",36,"369 Cedar Drive","Perundurai","Tamil Nadu","female","Strategy Manager","MBA",9
"Steve","Collins",47,"741 Birch Street","Gobichettipalayam","Tamil Nadu","male","Enterprise Architect","B.Tech",20
"Tina","Stewart",29,"852 Willow Avenue","Sathyamangalam","Tamil Nadu","female","Innovation Manager","MBA",5
"Ulysses","Sanchez",44,"963 Poplar Road","Bhavanisagar","Tamil Nadu","male","Cloud Architect","B.Tech",16
"Vera","Morris",31,"147 Ash Lane","Kodumudi","Tamil Nadu","female","Digital Manager","MBA",6
"Will","Rogers",39,"258 Pine Drive","Mettupalayam","Tamil Nadu","male","Data Architect","B.Tech",13
"Xara","Reed",34,"369 Elm Avenue","Avinashi","Tamil Nadu","female","Transformation Manager","MBA",8
"Yogi","Cook",48,"741 Cedar Lane","Palladam","Tamil Nadu","male","Enterprise Manager","MBA",18
"Zara","Morgan",26,"852 Birch Drive","Kangayam","Tamil Nadu","female","Agile Manager","MBA",3
